login,name,company,location,email,hireable,bio,public_repos,followers,following,created_at
mosh-hamedani,,,,,,,,,,
TheCherno,,,,,,,,,,
haileys,,,,,,,,,,
rstacruz,,,,,,,,,,
jesseduffield,,,,,,,,,,
basarat,,,,,,,,,,
markdalgleish,,,,,,,,,,
JakeLin,,,,,,,,,,
binarythistle,,,,,,,,,,
radar,,,,,,,,,,
mishmanners,,,,,,,,,,
timacdonald,,,,,,,,,,
TuPayChain,,,,,,,,,,
md-5,,,,,,,,,,
thomasdavis,,,,,,,,,,
geelen,,,,,,,,,,
MugunthKumar,,,,,,,,,,
tseemann,,,,,,,,,,
loftwah,,,,,,,,,,
rogerclarkmelbourne,,,,,,,,,,
jxom,,,,,,,,,,
rrwick,,,,,,,,,,
abruzzi,,,,,,,,,,
kitsonk,,,,,,,,,,
mattgallagher,,,,,,,,,,
sidorares,,,,,,,,,,
benschwarz,,,,,,,,,,
philnash,,,,,,,,,,
Viralmaniar,,,,,,,,,,
iancoleman,,,,,,,,,,
